-- ═══════════════════════════════════════════════════
-- SEED PART 3: Personal Info (employees + customers) → Employees → Users
-- ═══════════════════════════════════════════════════

-- ══════════════════════════════════════════
-- 3A. Personal Info — 30 ພະ ນັກ ງານ (id 1-30)
-- ══════════════════════════════════════════
INSERT INTO personal_info (id, firstname__la, lastname__la, firstname__en, lastname__en, dateofbirth, gender_id, marital_status_id, career_id, village_id, nationality_id, age, phone_number) VALUES
-- MFI001 ວຽງ ຈັນ
(1, 'ສົມ ພອນ', 'ວົງ ສະ ຫວັນ', 'Somphone', 'Vongsavan', '1985-03-15', 1, 2, 4, 1, 1, 41, '020-9900-0001'),
(2, 'ບຸນ ມີ', 'ສີ ສົມ ບູນ', 'Bounmi', 'Sisomboun', '1988-07-20', 1, 2, 4, 1, 1, 37, '020-9900-0002'),
(3, 'ນ້ອຍ', 'ຈັນ ທະ ລາ', 'Noy', 'Chanthala', '1990-01-10', 2, 1, 4, 2, 1, 36, '020-9900-0003'),
(4, 'ດາ ວອນ', 'ພົມ ມະ ວົງ', 'Davone', 'Phommavong', '1992-05-25', 2, 2, 4, 1, 1, 33, '020-9900-0004'),
(5, 'ວັນ ນະ', 'ສິ ດ ທິ ພອນ', 'Vanna', 'Sitthiphone', '1987-11-08', 2, 1, 4, 2, 1, 38, '020-9900-0005'),
(6, 'ຄຳ ຫຼ້ອຍ', 'ສຸ ພາ', 'Khamloy', 'Soupha', '1991-04-12', 1, 2, 4, 1, 1, 35, '020-9900-0006'),
(7, 'ພູ ວາດ', 'ໄກ ສອນ', 'Phouvad', 'Kaisone', '1993-08-30', 1, 1, 4, 3, 1, 32, '020-9900-0007'),
(8, 'ເພັດ ສະ ໝອນ', 'ວິ ໄລ ວົງ', 'Phetsamone', 'Vilaivong', '1989-12-18', 2, 2, 4, 1, 1, 36, '020-9900-0008'),
(9, 'ສຸ ລິ ຍາ', 'ພັນ ທະ ວົງ', 'Souriya', 'Phanthavong', '1994-06-05', 1, 1, 4, 2, 1, 31, '020-9900-0009'),
(10, 'ແກ້ວ', 'ບຸນ ມາ', 'Kaew', 'Bounma', '1986-09-22', 2, 2, 4, 1, 1, 39, '020-9900-0010'),
-- MFI002 ສະ ຫວັນ
(11, 'ໄຊ ຍະ ສິດ', 'ແສງ ຈັນ', 'Xayasith', 'Saengchan', '1984-02-14', 1, 2, 4, 4, 1, 42, '020-9900-0011'),
(12, 'ວິ ໄລ ພອນ', 'ບຸນ ຍະ ວົງ', 'Vilaipone', 'Bounyavong', '1990-10-05', 2, 1, 4, 4, 1, 35, '020-9900-0012'),
(13, 'ສຸ ພອນ', 'ແກ້ວ ມະ ນີ', 'Souphone', 'Keomanee', '1991-03-18', 1, 2, 4, 4, 1, 35, '020-9900-0013'),
(14, 'ບົວ ພັນ', 'ລາດ ຕະ ນະ', 'Bouaphan', 'Lattana', '1993-07-01', 2, 1, 4, 4, 1, 32, '020-9900-0014'),
(15, 'ທອງ ສຸກ', 'ເພັງ ພະ ນີ', 'Thongsuk', 'Phengphanee', '1988-11-22', 1, 2, 4, 4, 1, 37, '020-9900-0015'),
(16, 'ມາ ນີ', 'ວັນ ນະ ພາ', 'Manee', 'Vannapha', '1995-01-30', 2, 1, 4, 4, 1, 31, '020-9900-0016'),
-- MFI003 ຫຼວງ ພະ ບາງ
(17, 'ອ່ອນ ຈັນ', 'ຫຼວງ ພະ ບາງ', 'Onchan', 'Luangprabang', '1983-06-10', 1, 2, 4, 5, 1, 42, '020-9900-0017'),
(18, 'ມະ ນີ ວອນ', 'ຄຳ ສຸກ', 'Manivone', 'Khamsuk', '1992-02-28', 2, 1, 4, 5, 1, 34, '020-9900-0018'),
(19, 'ບຸນ ທອງ', 'ສີ ວິ ໄລ', 'Bounthong', 'Sivilai', '1990-09-15', 1, 1, 4, 5, 1, 35, '020-9900-0019'),
(20, 'ຈັນ ສະ ໝອນ', 'ວິ ຈິດ', 'Chansamone', 'Vijit', '1994-04-20', 2, 2, 4, 5, 1, 31, '020-9900-0020'),
(21, 'ພູ ນາ ວັນ', 'ແສງ ສຸ ລິ', 'Phounavan', 'Saengsouri', '1991-12-06', 1, 1, 4, 5, 1, 34, '020-9900-0021'),
-- MFI004 ຈຳ ປາ ສັກ
(22, 'ສົມ ຈິດ', 'ປາ ກ ເຊ', 'Somchit', 'Pakse', '1980-01-05', 1, 2, 4, 6, 1, 46, '020-9900-0022'),
(23, 'ດາ ລິນ', 'ຈຳ ປາ', 'Dalin', 'Champa', '1989-08-12', 2, 1, 4, 6, 1, 36, '020-9900-0023'),
(24, 'ທິ ວຽງ', 'ສີ ພັນ', 'Thivieng', 'Siphan', '1993-05-07', 1, 2, 4, 6, 1, 33, '020-9900-0024'),
(25, 'ແສງ ສຸ ກ', 'ວັນ ນະ ສອນ', 'Saengsuk', 'Vannasone', '1991-11-19', 2, 1, 4, 6, 1, 34, '020-9900-0025'),
(26, 'ພູ ມີ', 'ພັນ ທະ ມິດ', 'Phoumee', 'Phanthamit', '1987-03-25', 1, 2, 4, 6, 1, 39, '020-9900-0026'),
-- MFI005 ຄຳ ມ່ວນ
(27, 'ບຸນ ເລີດ', 'ທ່າ ແຂກ', 'Bounlerd', 'Thakhek', '1986-07-14', 1, 2, 4, 4, 1, 39, '020-9900-0027'),
(28, 'ວັນ ດີ', 'ຄຳ ມ່ວນ', 'Vandee', 'Khammouane', '1994-10-30', 2, 1, 4, 4, 1, 31, '020-9900-0028'),
(29, 'ໄຊ ສະ ຫວ່າງ', 'ບຸນ ທະ ວີ', 'Xaisavang', 'Bounthavee', '1990-06-18', 1, 1, 4, 4, 1, 35, '020-9900-0029'),
(30, 'ນິ ລະ ວັນ', 'ພົມ ມະ ຈັນ', 'Nilavan', 'Phommachan', '1992-02-24', 2, 2, 4, 4, 1, 34, '020-9900-0030')
ON CONFLICT DO NOTHING;

-- ══════════════════════════════════════════
-- 3B. Personal Info — 35 ລູກ ຄ້າ ກູ້ (id 101-135)
-- ══════════════════════════════════════════
INSERT INTO personal_info (id, firstname__la, lastname__la, firstname__en, lastname__en, dateofbirth, gender_id, marital_status_id, career_id, village_id, nationality_id, age, phone_number) VALUES
-- ລູກ ຄ້າ MFI001 (10 ຄົນ)
(101, 'ສົມ ສັກ', 'ໄຊ ຍະ ວົງ', 'Somsak', 'Xaiyavong', '1975-06-15', 1, 2, 1, 1, 1, 50, '020-7700-0001'),
(102, 'ມາ ລີ', 'ບຸນ ດາ', 'Malee', 'Bounda', '1982-09-20', 2, 2, 2, 2, 1, 43, '020-7700-0002'),
(103, 'ໄກ ສອນ', 'ພອນ ສະ ຫວັນ', 'Kaisone', 'Phonesavan', '1978-03-10', 1, 2, 1, 1, 1, 48, '020-7700-0003'),
(104, 'ນາງ ແພງ', 'ຈັນ ທະ ວົງ', 'Phaeng', 'Chanthavong', '1985-12-05', 2, 2, 2, 2, 1, 40, '020-7700-0004'),
(105, 'ສີ ສະ ຫວ່າງ', 'ໄຊ ຍະ ລາດ', 'Sisavang', 'Xaiyalat', '1990-04-18', 1, 1, 5, 1, 1, 35, '020-7700-0005'),
(106, 'ບຸນ ລ້ອມ', 'ວິ ວາ', 'Bounlome', 'Viva', '1970-08-22', 1, 2, 1, 3, 1, 55, '020-7700-0006'),
(107, 'ມະ ໂນ', 'ສອນ ສະ ຫວ່າງ', 'Mano', 'Sonsavang', '1988-01-30', 1, 2, 2, 1, 1, 38, '020-7700-0007'),
(108, 'ສີ ດາ', 'ພົມ ມະ ສີ', 'Sida', 'Phommasee', '1992-07-14', 2, 1, 5, 2, 1, 33, '020-7700-0008'),
(109, 'ວັນ ທອງ', 'ແພງ ສະ ຫວັນ', 'Vanthong', 'Phengsavan', '1980-11-03', 1, 2, 1, 1, 1, 45, '020-7700-0009'),
(110, 'ນ້ອຍ ລະ', 'ສີ ຫາ ຈັກ', 'Noyla', 'Sihajak', '1995-05-28', 2, 1, 6, 3, 1, 30, '020-7700-0010'),
-- ລູກ ຄ້າ MFI002 (7 ຄົນ)
(111, 'ທອງ ດີ', 'ສະ ຫວັນ ນະ ເຂດ', 'Thongdee', 'Savannakhet', '1976-04-12', 1, 2, 1, 4, 1, 50, '020-7700-0011'),
(112, 'ແກ້ວ ມະ ນີ', 'ບຸນ ມີ', 'Keomanee', 'Bounmee', '1983-10-08', 2, 2, 2, 4, 1, 42, '020-7700-0012'),
(113, 'ວີ ລະ ພອນ', 'ໄຊ ສະ ຖາ', 'Viraphone', 'Xaisatha', '1979-01-25', 1, 2, 7, 4, 1, 47, '020-7700-0013'),
(114, 'ນາງ ວິ ໄລ', 'ແສງ ອາ ລຸນ', 'Vilai', 'Saengaroun', '1987-06-14', 2, 1, 2, 4, 1, 38, '020-7700-0014'),
(115, 'ສີ ສະ ໝຸດ', 'ສະ ໜອງ', 'Sisamuth', 'Sanong', '1981-09-30', 1, 2, 1, 4, 1, 44, '020-7700-0015'),
(116, 'ບຸນ ພັນ', 'ວົງ ຄຳ', 'Bounphan', 'Vongkham', '1990-12-20', 1, 1, 5, 4, 1, 35, '020-7700-0016'),
(117, 'ສຸ ມານ', 'ບຸນ ຍະ ວັນ', 'Souman', 'Bounyavan', '1986-03-05', 2, 2, 8, 4, 1, 40, '020-7700-0017'),
-- ລູກ ຄ້າ MFI003 (6 ຄົນ)
(118, 'ເພັດ ສະ ໝອນ', 'ຫຼວງ', 'Phetsamone', 'Luang', '1974-05-20', 1, 2, 1, 5, 1, 51, '020-7700-0018'),
(119, 'ດວງ ໃຈ', 'ວິ ໄລ', 'Douangchai', 'Vilai', '1988-08-15', 2, 2, 8, 5, 1, 37, '020-7700-0019'),
(120, 'ບຸນ ທຽງ', 'ເມືອງ', 'Bounthieng', 'Muang', '1980-02-10', 1, 2, 1, 5, 1, 46, '020-7700-0020'),
(121, 'ສົມ ໃຈ', 'ສຸ ລິ ຍາ', 'Somchai', 'Souriya', '1992-11-25', 1, 1, 5, 5, 1, 33, '020-7700-0021'),
(122, 'ນາງ ຄຳ', 'ແສງ ສີ', 'Kham', 'Saengsee', '1985-04-08', 2, 2, 2, 5, 1, 41, '020-7700-0022'),
(123, 'ວັນ ໄຊ', 'ພະ ລັງ', 'Vanxai', 'Phalang', '1978-09-01', 1, 2, 1, 5, 1, 47, '020-7700-0023'),
-- ລູກ ຄ້າ MFI004 (7 ຄົນ)
(124, 'ສຸ ພາ ສິດ', 'ເມ ກົງ', 'Suphasit', 'Mekong', '1977-07-12', 1, 2, 2, 6, 1, 48, '020-7700-0024'),
(125, 'ນາງ ສຸ ກ', 'ຈຳ ປາ ສັກ', 'Souk', 'Champasak', '1984-01-18', 2, 2, 1, 6, 1, 42, '020-7700-0025'),
(126, 'ບັນ ດິດ', 'ວັນ ນະ', 'Bandit', 'Vanna', '1991-06-30', 1, 1, 5, 6, 1, 34, '020-7700-0026'),
(127, 'ແສງ ຈັນ', 'ທິບ ພະ ວົງ', 'Saengchan', 'Thipphavong', '1986-10-14', 2, 2, 2, 6, 1, 39, '020-7700-0027'),
(128, 'ສຸ ວັນ ນ ະ', 'ປາ ກ ເຊ', 'Suvanna', 'Pakse', '1982-03-22', 1, 2, 1, 6, 1, 44, '020-7700-0028'),
(129, 'ນ້ອຍ ຈິ່ງ', 'ວົງ ສະ ຫວັນ', 'Noyjing', 'Vongsavan', '1993-09-07', 2, 1, 5, 6, 1, 32, '020-7700-0029'),
(130, 'ອາ ນົນ', 'ສີ ພັນ ດອນ', 'Anone', 'Siphandon', '1975-12-28', 1, 2, 7, 6, 1, 50, '020-7700-0030'),
-- ລູກ ຄ້າ MFI005 (5 ຄົນ)
(131, 'ສຸ ວິ ດ', 'ທ່າ ແຂກ', 'Souvit', 'Thakhek', '1979-04-15', 1, 2, 1, 4, 1, 47, '020-7700-0031'),
(132, 'ມະ ລີ ວັນ', 'ສີ ບຸນ ເຮືອງ', 'Malivan', 'Sibounheuang', '1988-08-20', 2, 2, 2, 4, 1, 37, '020-7700-0032'),
(133, 'ທອງ ພູນ', 'ຄຳ ມ່ວນ', 'Thongphoune', 'Khammouane', '1981-01-10', 1, 2, 1, 4, 1, 45, '020-7700-0033'),
(134, 'ນາງ ກົງ', 'ບຸນ ທະ ວີ', 'Kong', 'Bounthavee', '1990-07-05', 2, 1, 5, 4, 1, 35, '020-7700-0034'),
(135, 'ສົມ ພູ', 'ໜອງ ບົກ', 'Somphou', 'Nongbok', '1983-11-18', 1, 2, 7, 4, 1, 42, '020-7700-0035')
ON CONFLICT DO NOTHING;

-- ══════════════════════════════════════════
-- 3C. Employees (30, id matches personal_info 1-30)
-- ══════════════════════════════════════════
INSERT INTO employees (id, employee_code, hire_date, employment_type, status, education_level_id, contact_info) VALUES
(1, 'VTE-001', '2020-03-15', 'FULL_TIME', 'ACTIVE', 4, '020-9900-0001'),
(2, 'VTE-002', '2020-04-01', 'FULL_TIME', 'ACTIVE', 4, '020-9900-0002'),
(3, 'VTE-003', '2020-05-01', 'FULL_TIME', 'ACTIVE', 3, '020-9900-0003'),
(4, 'VTE-004', '2020-06-01', 'FULL_TIME', 'ACTIVE', 4, '020-9900-0004'),
(5, 'VTE-005', '2020-06-01', 'FULL_TIME', 'ACTIVE', 3, '020-9900-0005'),
(6, 'VTE-006', '2020-07-01', 'FULL_TIME', 'ACTIVE', 4, '020-9900-0006'),
(7, 'VTE-007', '2020-07-01', 'FULL_TIME', 'ACTIVE', 3, '020-9900-0007'),
(8, 'VTE-008', '2021-01-15', 'FULL_TIME', 'ACTIVE', 4, '020-9900-0008'),
(9, 'VTE-009', '2021-03-01', 'FULL_TIME', 'ACTIVE', 3, '020-9900-0009'),
(10, 'VTE-010', '2021-06-01', 'FULL_TIME', 'ACTIVE', 4, '020-9900-0010'),
(11, 'SVK-001', '2019-08-20', 'FULL_TIME', 'ACTIVE', 4, '020-9900-0011'),
(12, 'SVK-002', '2019-09-01', 'FULL_TIME', 'ACTIVE', 4, '020-9900-0012'),
(13, 'SVK-003', '2019-10-01', 'FULL_TIME', 'ACTIVE', 3, '020-9900-0013'),
(14, 'SVK-004', '2020-01-15', 'FULL_TIME', 'ACTIVE', 3, '020-9900-0014'),
(15, 'SVK-005', '2020-03-01', 'FULL_TIME', 'ACTIVE', 4, '020-9900-0015'),
(16, 'SVK-006', '2020-06-01', 'FULL_TIME', 'ACTIVE', 3, '020-9900-0016'),
(17, 'LPB-001', '2021-01-10', 'FULL_TIME', 'ACTIVE', 4, '020-9900-0017'),
(18, 'LPB-002', '2021-02-01', 'FULL_TIME', 'ACTIVE', 3, '020-9900-0018'),
(19, 'LPB-003', '2021-03-01', 'FULL_TIME', 'ACTIVE', 3, '020-9900-0019'),
(20, 'LPB-004', '2021-04-01', 'FULL_TIME', 'ACTIVE', 4, '020-9900-0020'),
(21, 'LPB-005', '2021-06-01', 'FULL_TIME', 'ACTIVE', 3, '020-9900-0021'),
(22, 'CPS-001', '2018-05-25', 'FULL_TIME', 'ACTIVE', 5, '020-9900-0022'),
(23, 'CPS-002', '2018-06-01', 'FULL_TIME', 'ACTIVE', 4, '020-9900-0023'),
(24, 'CPS-003', '2018-07-01', 'FULL_TIME', 'ACTIVE', 3, '020-9900-0024'),
(25, 'CPS-004', '2019-01-15', 'FULL_TIME', 'ACTIVE', 3, '020-9900-0025'),
(26, 'CPS-005', '2019-06-01', 'FULL_TIME', 'ACTIVE', 4, '020-9900-0026'),
(27, 'KHM-001', '2022-11-01', 'FULL_TIME', 'ACTIVE', 4, '020-9900-0027'),
(28, 'KHM-002', '2022-12-01', 'FULL_TIME', 'ACTIVE', 3, '020-9900-0028'),
(29, 'KHM-003', '2023-01-15', 'FULL_TIME', 'ACTIVE', 3, '020-9900-0029'),
(30, 'KHM-004', '2023-03-01', 'FULL_TIME', 'ACTIVE', 4, '020-9900-0030')
ON CONFLICT DO NOTHING;

-- ══════════════════════════════════════════
-- 3D. Users + User Roles
-- ══════════════════════════════════════════
INSERT INTO users (id, username, password_hash, employee_id, is_active) VALUES
(1, 'admin_vte', '$2b$10$dummy_hash_admin_vte_000001', 1, true),
(2, 'mgr_vte_1', '$2b$10$dummy_hash_mgr_vte_000002', 2, true),
(3, 'officer_vte_1', '$2b$10$dummy_hash_off_vte_000003', 3, true),
(4, 'officer_vte_2', '$2b$10$dummy_hash_off_vte_000004', 4, true),
(5, 'admin_svk', '$2b$10$dummy_hash_admin_svk_000005', 11, true),
(6, 'officer_svk_1', '$2b$10$dummy_hash_off_svk_000006', 13, true),
(7, 'admin_lpb', '$2b$10$dummy_hash_admin_lpb_000007', 17, true),
(8, 'officer_lpb_1', '$2b$10$dummy_hash_off_lpb_000008', 18, true),
(9, 'admin_cps', '$2b$10$dummy_hash_admin_cps_000009', 22, true),
(10, 'officer_cps_1', '$2b$10$dummy_hash_off_cps_000010', 23, true),
(11, 'admin_khm', '$2b$10$dummy_hash_admin_khm_000011', 27, true),
(12, 'officer_khm_1', '$2b$10$dummy_hash_off_khm_000012', 28, true)
ON CONFLICT DO NOTHING;

INSERT INTO user_roles (user_id, role_id) VALUES
(1, (SELECT id FROM roles WHERE code='INST_ADMIN')),
(2, (SELECT id FROM roles WHERE code='MANAGER')),
(3, (SELECT id FROM roles WHERE code='OFFICER')),
(4, (SELECT id FROM roles WHERE code='OFFICER')),
(5, (SELECT id FROM roles WHERE code='INST_ADMIN')),
(6, (SELECT id FROM roles WHERE code='OFFICER')),
(7, (SELECT id FROM roles WHERE code='INST_ADMIN')),
(8, (SELECT id FROM roles WHERE code='OFFICER')),
(9, (SELECT id FROM roles WHERE code='INST_ADMIN')),
(10, (SELECT id FROM roles WHERE code='OFFICER')),
(11, (SELECT id FROM roles WHERE code='INST_ADMIN')),
(12, (SELECT id FROM roles WHERE code='OFFICER'))
ON CONFLICT DO NOTHING;

-- Update sequences
SELECT setval('personal_info_id_seq', 200);
SELECT setval('employees_id_seq', 50);
SELECT setval('users_id_seq', 50);
