-- ═══════════════════════════════════════════════════
-- SEED PART 4: Loan Products, Contracts, Borrowers, Collaterals, IIF
-- ═══════════════════════════════════════════════════

-- ══════════════════════════
-- 4A. Loan Products (1 per MFI)
-- ══════════════════════════
INSERT INTO loan_products (id, product_name_la, product_name_en, interest_rate_type, min_interest_rate, max_interest_rate, currency_id) VALUES
(1, 'ສິນ ເຊື່ອ ທົ່ວ ໄປ', 'General Loan', 'FLAT', 12.00, 18.00, (SELECT id FROM currencies WHERE code='LAK')),
(2, 'ສິນ ເຊື່ອ ກະ ສິ ກຳ', 'Agriculture Loan', 'FLAT', 10.00, 15.00, (SELECT id FROM currencies WHERE code='LAK')),
(3, 'ສິນ ເຊື່ອ SME', 'SME Loan', 'DECLINING', 14.00, 20.00, (SELECT id FROM currencies WHERE code='LAK')),
(4, 'ສິນ ເຊື່ອ ຈຸ ລະ ພາກ', 'Micro Loan', 'FLAT', 15.00, 24.00, (SELECT id FROM currencies WHERE code='LAK')),
(5, 'ສິນ ເຊື່ອ ທີ່ ຢູ່ ອາ ໄສ', 'Housing Loan', 'DECLINING', 10.00, 14.00, (SELECT id FROM currencies WHERE code='LAK'))
ON CONFLICT DO NOTHING;

-- ══════════════════════════
-- 4B. Deposit Products
-- ══════════════════════════
INSERT INTO deposit_products (id, product_name_la, product_name_en, interest_rate, minimum_balance, term_months, currency_id) VALUES
(1, 'ບັນ ຊີ ອອມ ຊັບ', 'Savings Account', 3.50, 100000, NULL, (SELECT id FROM currencies WHERE code='LAK')),
(2, 'ເງິນ ຝາກ ປະ ຈຳ 6 ເດືອນ', 'Fixed 6M', 6.00, 1000000, 6, (SELECT id FROM currencies WHERE code='LAK')),
(3, 'ເງິນ ຝາກ ປະ ຈຳ 12 ເດືອນ', 'Fixed 12M', 7.50, 1000000, 12, (SELECT id FROM currencies WHERE code='LAK'))
ON CONFLICT DO NOTHING;

-- ══════════════════════════
-- 4C. Loan Contracts (45 total across 5 MFIs)
-- Status mix: ACTIVE, CLOSED, OVERDUE
-- ══════════════════════════
INSERT INTO loan_contracts (id, contract_no, product_id, currency_id, approved_amount, interest_rate, term_months, disbursement_date, maturity_date, loan_purpose_id, loan_status, classification_id, economic_sector_id, borrower_type_id, funding_source_id, remaining_balance, days_past_due, loan_type_id, loan_term_id) VALUES
-- MFI001 ວຽງ ຈັນ (15 ສັນ ຍາ)
(1, 'VTE-2024-001', 1, 1, 50000000, 15.00, 12, '2024-01-15', '2025-01-15', 2, 'ACTIVE', 1, 4, 1, 1, 25000000, 0, 1, 3),
(2, 'VTE-2024-002', 2, 1, 30000000, 12.00, 12, '2024-02-01', '2025-02-01', 1, 'ACTIVE', 1, 1, 1, 1, 18000000, 0, 1, 3),
(3, 'VTE-2024-003', 1, 1, 80000000, 14.00, 24, '2024-03-10', '2026-03-10', 6, 'ACTIVE', 1, 4, 1, 1, 65000000, 0, 2, 4),
(4, 'VTE-2024-004', 3, 1, 200000000, 18.00, 36, '2024-01-20', '2027-01-20', 6, 'ACTIVE', 1, 2, 1, 1, 180000000, 0, 3, 5),
(5, 'VTE-2024-005', 1, 1, 40000000, 15.00, 12, '2024-04-05', '2025-04-05', 2, 'OVERDUE', 2, 4, 1, 1, 35000000, 45, 1, 3),
(6, 'VTE-2024-006', 2, 1, 25000000, 12.00, 6, '2024-06-01', '2024-12-01', 1, 'CLOSED', 1, 1, 1, 1, 0, 0, 1, 2),
(7, 'VTE-2024-007', 1, 1, 60000000, 15.00, 12, '2024-05-15', '2025-05-15', 5, 'ACTIVE', 1, 3, 1, 1, 40000000, 0, 1, 3),
(8, 'VTE-2023-008', 4, 1, 15000000, 20.00, 12, '2023-06-01', '2024-06-01', 2, 'OVERDUE', 3, 4, 1, 1, 12000000, 120, 1, 3),
(9, 'VTE-2024-009', 1, 1, 45000000, 15.00, 12, '2024-07-01', '2025-07-01', 3, 'ACTIVE', 1, 2, 1, 1, 30000000, 0, 1, 3),
(10, 'VTE-2024-010', 5, 1, 300000000, 12.00, 60, '2024-01-10', '2029-01-10', 5, 'ACTIVE', 1, 3, 1, 2, 280000000, 0, 3, 5),
(11, 'VTE-2024-011', 1, 1, 35000000, 15.00, 12, '2024-08-01', '2025-08-01', 2, 'ACTIVE', 1, 4, 1, 1, 28000000, 0, 1, 3),
(12, 'VTE-2024-012', 2, 1, 20000000, 12.00, 6, '2024-09-01', '2025-03-01', 1, 'ACTIVE', 1, 1, 1, 1, 15000000, 0, 1, 2),
(13, 'VTE-2023-013', 4, 1, 10000000, 22.00, 6, '2023-03-01', '2023-09-01', 2, 'OVERDUE', 4, 4, 1, 1, 8000000, 200, 1, 2),
(14, 'VTE-2024-014', 1, 1, 55000000, 14.00, 24, '2024-10-01', '2026-10-01', 6, 'ACTIVE', 1, 2, 1, 1, 50000000, 0, 2, 4),
(15, 'VTE-2024-015', 3, 1, 150000000, 16.00, 36, '2024-02-15', '2027-02-15', 6, 'ACTIVE', 1, 2, 1, 1, 130000000, 0, 3, 5),
-- MFI002 ສະ ຫວັນ (10 ສັນ ຍາ)
(16, 'SVK-2024-001', 2, 1, 40000000, 12.00, 12, '2024-01-10', '2025-01-10', 1, 'ACTIVE', 1, 1, 1, 1, 20000000, 0, 1, 3),
(17, 'SVK-2024-002', 2, 1, 35000000, 13.00, 12, '2024-02-20', '2025-02-20', 1, 'OVERDUE', 2, 1, 1, 1, 30000000, 35, 1, 3),
(18, 'SVK-2024-003', 1, 1, 60000000, 15.00, 24, '2024-03-15', '2026-03-15', 7, 'ACTIVE', 1, 1, 1, 1, 50000000, 0, 2, 4),
(19, 'SVK-2024-004', 4, 1, 12000000, 20.00, 6, '2024-04-01', '2024-10-01', 2, 'CLOSED', 1, 4, 1, 1, 0, 0, 1, 2),
(20, 'SVK-2024-005', 2, 1, 45000000, 12.00, 12, '2024-05-10', '2025-05-10', 1, 'ACTIVE', 1, 1, 1, 1, 35000000, 0, 1, 3),
(21, 'SVK-2023-006', 1, 1, 25000000, 15.00, 12, '2023-10-01', '2024-10-01', 2, 'OVERDUE', 3, 4, 1, 1, 20000000, 95, 1, 3),
(22, 'SVK-2024-007', 2, 1, 55000000, 13.00, 24, '2024-06-01', '2026-06-01', 1, 'ACTIVE', 1, 1, 1, 1, 48000000, 0, 2, 4),
(23, 'SVK-2024-008', 4, 1, 8000000, 22.00, 6, '2024-07-15', '2025-01-15', 2, 'ACTIVE', 1, 4, 1, 1, 5000000, 0, 1, 2),
(24, 'SVK-2024-009', 1, 1, 70000000, 14.00, 36, '2024-08-01', '2027-08-01', 6, 'ACTIVE', 1, 2, 1, 1, 65000000, 0, 3, 5),
(25, 'SVK-2024-010', 2, 1, 30000000, 12.00, 12, '2024-09-01', '2025-09-01', 1, 'ACTIVE', 1, 1, 1, 1, 25000000, 0, 1, 3),
-- MFI003 ຫຼວງ ພະ ບາງ (8 ສັນ ຍາ)
(26, 'LPB-2024-001', 2, 1, 30000000, 13.00, 12, '2024-02-01', '2025-02-01', 1, 'ACTIVE', 1, 1, 1, 4, 18000000, 0, 1, 3),
(27, 'LPB-2024-002', 4, 1, 10000000, 20.00, 6, '2024-03-15', '2024-09-15', 2, 'CLOSED', 1, 4, 1, 4, 0, 0, 1, 2),
(28, 'LPB-2024-003', 2, 1, 50000000, 12.00, 24, '2024-04-01', '2026-04-01', 1, 'ACTIVE', 1, 1, 1, 4, 42000000, 0, 2, 4),
(29, 'LPB-2024-004', 1, 1, 35000000, 15.00, 12, '2024-05-20', '2025-05-20', 5, 'OVERDUE', 2, 3, 1, 4, 30000000, 60, 1, 3),
(30, 'LPB-2024-005', 4, 1, 8000000, 22.00, 6, '2024-06-01', '2024-12-01', 2, 'ACTIVE', 1, 4, 1, 4, 4000000, 0, 1, 2),
(31, 'LPB-2024-006', 2, 1, 40000000, 13.00, 12, '2024-07-01', '2025-07-01', 1, 'ACTIVE', 1, 1, 1, 4, 30000000, 0, 1, 3),
(32, 'LPB-2023-007', 1, 1, 20000000, 16.00, 12, '2023-08-01', '2024-08-01', 2, 'OVERDUE', 4, 4, 1, 4, 18000000, 150, 1, 3),
(33, 'LPB-2024-008', 2, 1, 25000000, 12.00, 12, '2024-09-01', '2025-09-01', 1, 'ACTIVE', 1, 1, 1, 4, 20000000, 0, 1, 3),
-- MFI004 ຈຳ ປາ ສັກ (7 ສັນ ຍາ)
(34, 'CPS-2024-001', 3, 1, 100000000, 18.00, 36, '2024-01-15', '2027-01-15', 6, 'ACTIVE', 1, 2, 1, 1, 90000000, 0, 3, 5),
(35, 'CPS-2024-002', 1, 1, 45000000, 15.00, 12, '2024-02-01', '2025-02-01', 2, 'ACTIVE', 1, 4, 1, 1, 25000000, 0, 1, 3),
(36, 'CPS-2024-003', 4, 1, 15000000, 20.00, 6, '2024-03-10', '2024-09-10', 2, 'CLOSED', 1, 4, 1, 1, 0, 0, 1, 2),
(37, 'CPS-2024-004', 1, 1, 55000000, 14.00, 24, '2024-04-01', '2026-04-01', 2, 'OVERDUE', 2, 4, 1, 1, 50000000, 40, 2, 4),
(38, 'CPS-2024-005', 3, 1, 80000000, 16.00, 24, '2024-05-15', '2026-05-15', 6, 'ACTIVE', 1, 2, 1, 1, 70000000, 0, 2, 4),
(39, 'CPS-2024-006', 4, 1, 12000000, 22.00, 6, '2024-06-01', '2024-12-01', 2, 'ACTIVE', 1, 4, 1, 1, 6000000, 0, 1, 2),
(40, 'CPS-2023-007', 1, 1, 30000000, 16.00, 12, '2023-05-01', '2024-05-01', 2, 'OVERDUE', 5, 4, 1, 1, 28000000, 300, 1, 3),
-- MFI005 ຄຳ ມ່ວນ (5 ສັນ ຍາ)
(41, 'KHM-2024-001', 2, 1, 35000000, 13.00, 12, '2024-01-10', '2025-01-10', 1, 'ACTIVE', 1, 1, 1, 4, 20000000, 0, 1, 3),
(42, 'KHM-2024-002', 4, 1, 10000000, 20.00, 6, '2024-03-01', '2024-09-01', 2, 'CLOSED', 1, 4, 1, 4, 0, 0, 1, 2),
(43, 'KHM-2024-003', 2, 1, 45000000, 12.00, 24, '2024-04-15', '2026-04-15', 1, 'ACTIVE', 1, 1, 1, 4, 40000000, 0, 2, 4),
(44, 'KHM-2024-004', 1, 1, 25000000, 15.00, 12, '2024-06-01', '2025-06-01', 2, 'OVERDUE', 2, 4, 1, 4, 22000000, 30, 1, 3),
(45, 'KHM-2024-005', 4, 1, 8000000, 22.00, 6, '2024-08-01', '2025-02-01', 2, 'ACTIVE', 1, 4, 1, 4, 5000000, 0, 1, 2)
ON CONFLICT DO NOTHING;

-- ══════════════════════════
-- 4D. Borrowers Individual (link person → loan)
-- ══════════════════════════
INSERT INTO borrowers_individual (id, loan_id, borrower_id, nationality_id) VALUES
(1, 1, 101, 1), (2, 2, 102, 1), (3, 3, 103, 1), (4, 4, 104, 1), (5, 5, 105, 1),
(6, 6, 106, 1), (7, 7, 107, 1), (8, 8, 108, 1), (9, 9, 109, 1), (10, 10, 110, 1),
(11, 11, 101, 1), (12, 12, 102, 1), (13, 13, 103, 1), (14, 14, 104, 1), (15, 15, 105, 1),
(16, 16, 111, 1), (17, 17, 112, 1), (18, 18, 113, 1), (19, 19, 114, 1), (20, 20, 115, 1),
(21, 21, 116, 1), (22, 22, 117, 1), (23, 23, 111, 1), (24, 24, 112, 1), (25, 25, 113, 1),
(26, 26, 118, 1), (27, 27, 119, 1), (28, 28, 120, 1), (29, 29, 121, 1), (30, 30, 122, 1),
(31, 31, 123, 1), (32, 32, 118, 1), (33, 33, 119, 1),
(34, 34, 124, 1), (35, 35, 125, 1), (36, 36, 126, 1), (37, 37, 127, 1), (38, 38, 128, 1),
(39, 39, 129, 1), (40, 40, 130, 1),
(41, 41, 131, 1), (42, 42, 132, 1), (43, 43, 133, 1), (44, 44, 134, 1), (45, 45, 135, 1)
ON CONFLICT DO NOTHING;

-- ══════════════════════════
-- 4E. Lao ID Cards (for BOL A1: national_id)
-- ══════════════════════════
INSERT INTO lao_id_cards (person_id, card_no, exp_date) VALUES
(101, 'ID-001-0001', '2030-01-01'), (102, 'ID-001-0002', '2029-06-15'),
(103, 'ID-001-0003', '2031-03-20'), (104, 'ID-001-0004', '2028-12-10'),
(105, 'ID-001-0005', '2030-08-25'), (106, 'ID-001-0006', '2029-04-18'),
(107, 'ID-001-0007', '2031-01-05'), (108, 'ID-001-0008', '2030-07-22'),
(109, 'ID-001-0009', '2029-11-30'), (110, 'ID-001-0010', '2031-05-15'),
(111, 'ID-002-0001', '2030-02-14'), (112, 'ID-002-0002', '2029-08-20'),
(113, 'ID-002-0003', '2031-04-05'), (114, 'ID-002-0004', '2028-09-10'),
(115, 'ID-002-0005', '2030-06-30'), (116, 'ID-002-0006', '2029-12-25'),
(117, 'ID-002-0007', '2031-02-28'),
(118, 'ID-003-0001', '2030-05-10'), (119, 'ID-003-0002', '2029-10-15'),
(120, 'ID-003-0003', '2031-07-20'), (121, 'ID-003-0004', '2030-01-30'),
(122, 'ID-003-0005', '2029-06-08'), (123, 'ID-003-0006', '2031-03-15'),
(124, 'ID-004-0001', '2030-04-22'), (125, 'ID-004-0002', '2029-09-18'),
(126, 'ID-004-0003', '2031-06-25'), (127, 'ID-004-0004', '2028-11-12'),
(128, 'ID-004-0005', '2030-08-05'), (129, 'ID-004-0006', '2029-12-20'),
(130, 'ID-004-0007', '2031-01-28'),
(131, 'ID-005-0001', '2030-03-15'), (132, 'ID-005-0002', '2029-07-22'),
(133, 'ID-005-0003', '2031-05-08'), (134, 'ID-005-0004', '2030-10-30'),
(135, 'ID-005-0005', '2029-04-15')
ON CONFLICT DO NOTHING;

-- ══════════════════════════
-- 4F. Collaterals
-- ══════════════════════════
INSERT INTO collaterals (id, collateral_type, collateral_value, value_currency, collateral_status) VALUES
(1, 'ທີ່ ດິນ', '150000000', 'LAK', 'Active'),
(2, 'ເຮືອນ + ທີ່ ດິນ', '300000000', 'LAK', 'Active'),
(3, 'ລົດ ໃຫຍ່', '200000000', 'LAK', 'Active'),
(4, 'ທີ່ ດິນ ຊົນ ນະ ບົດ', '80000000', 'LAK', 'Active'),
(5, 'ທີ່ ດິນ', '120000000', 'LAK', 'Active'),
(6, 'ເຄື່ອງ ຈັກ', '50000000', 'LAK', 'Active'),
(7, 'ທີ່ ດິນ + ເຮືອນ', '250000000', 'LAK', 'Active'),
(8, 'ລົດ', '60000000', 'LAK', 'Active'),
(9, 'ທີ່ ດິນ', '100000000', 'LAK', 'Active'),
(10, 'ເຮືອນ', '180000000', 'LAK', 'Active')
ON CONFLICT DO NOTHING;

-- ══════════════════════════
-- 4G. Loan ↔ Collateral links
-- ══════════════════════════
INSERT INTO loan_collaterals (collateral_id, loan_id) VALUES
(1, 1), (2, 3), (3, 4), (4, 5), (5, 10), (6, 15), (7, 18), (8, 24), (9, 34), (10, 38)
ON CONFLICT DO NOTHING;

-- ══════════════════════════
-- 4H. IIF Headers
-- ══════════════════════════
INSERT INTO iif_headers (bank_code, submission_period, total_a_records, total_b_records, total_c_records) VALUES
('MFI001', '2026-02', 10, 15, 10)
ON CONFLICT DO NOTHING;

-- ══════════════════════════
-- 4I. IIF Individual Details (1 per borrower)
-- ══════════════════════════
INSERT INTO iif_individual_details (person_id, branch_id, lcic_customer_id) VALUES
(101, 'BR001', 'CUS-VTE-001'), (102, 'BR001', 'CUS-VTE-002'), (103, 'BR001', 'CUS-VTE-003'),
(104, 'BR002', 'CUS-VTE-004'), (105, 'BR002', 'CUS-VTE-005'), (106, 'BR001', 'CUS-VTE-006'),
(107, 'BR002', 'CUS-VTE-007'), (108, 'BR001', 'CUS-VTE-008'), (109, 'BR002', 'CUS-VTE-009'),
(110, 'BR001', 'CUS-VTE-010'),
(111, 'BR003', 'CUS-SVK-001'), (112, 'BR003', 'CUS-SVK-002'), (113, 'BR003', 'CUS-SVK-003'),
(114, 'BR003', 'CUS-SVK-004'), (115, 'BR003', 'CUS-SVK-005'), (116, 'BR003', 'CUS-SVK-006'),
(117, 'BR003', 'CUS-SVK-007'),
(118, 'BR004', 'CUS-LPB-001'), (119, 'BR004', 'CUS-LPB-002'), (120, 'BR004', 'CUS-LPB-003'),
(121, 'BR004', 'CUS-LPB-004'), (122, 'BR004', 'CUS-LPB-005'), (123, 'BR004', 'CUS-LPB-006'),
(124, 'BR005', 'CUS-CPS-001'), (125, 'BR005', 'CUS-CPS-002'), (126, 'BR005', 'CUS-CPS-003'),
(127, 'BR005', 'CUS-CPS-004'), (128, 'BR005', 'CUS-CPS-005'), (129, 'BR005', 'CUS-CPS-006'),
(130, 'BR005', 'CUS-CPS-007'),
(131, 'BR006', 'CUS-KHM-001'), (132, 'BR006', 'CUS-KHM-002'), (133, 'BR006', 'CUS-KHM-003'),
(134, 'BR006', 'CUS-KHM-004'), (135, 'BR006', 'CUS-KHM-005')
ON CONFLICT DO NOTHING;

-- ══════════════════════════
-- 4J. IIF Loan Details (1 per loan)
-- ══════════════════════════
INSERT INTO iif_loan_details (loan_id, branch_id, loan_account_no, purpose_code, loan_status_code, loan_status_literal) VALUES
(1, 'BR001', 'VTE-2024-001', 'TRADE', '01', 'Active'),
(2, 'BR001', 'VTE-2024-002', 'AGRI', '01', 'Active'),
(3, 'BR001', 'VTE-2024-003', 'BIZ', '01', 'Active'),
(4, 'BR002', 'VTE-2024-004', 'BIZ', '01', 'Active'),
(5, 'BR002', 'VTE-2024-005', 'TRADE', '02', 'Past Due'),
(6, 'BR001', 'VTE-2024-006', 'AGRI', '03', 'Closed'),
(7, 'BR002', 'VTE-2024-007', 'HOUSING', '01', 'Active'),
(8, 'BR001', 'VTE-2023-008', 'TRADE', '02', 'Past Due'),
(16, 'BR003', 'SVK-2024-001', 'AGRI', '01', 'Active'),
(17, 'BR003', 'SVK-2024-002', 'AGRI', '02', 'Past Due'),
(18, 'BR003', 'SVK-2024-003', 'LIVESTOCK', '01', 'Active'),
(26, 'BR004', 'LPB-2024-001', 'AGRI', '01', 'Active'),
(29, 'BR004', 'LPB-2024-004', 'HOUSING', '02', 'Past Due'),
(34, 'BR005', 'CPS-2024-001', 'BIZ', '01', 'Active'),
(37, 'BR005', 'CPS-2024-004', 'TRADE', '02', 'Past Due'),
(41, 'BR006', 'KHM-2024-001', 'AGRI', '01', 'Active'),
(44, 'BR006', 'KHM-2024-004', 'TRADE', '02', 'Past Due')
ON CONFLICT DO NOTHING;

-- Update sequences
SELECT setval('loan_contracts_id_seq', 100);
SELECT setval('borrowers_individual_id_seq', 100);
SELECT setval('collaterals_id_seq', 50);
SELECT setval('loan_collaterals_id_seq', 50);
SELECT setval('loan_products_id_seq', 10);
SELECT setval('deposit_products_id_seq', 10);
